<?xml version="1.0" encoding="UTF-8"?>
<beans xmlns="http://www.springframework.org/schema/beans"
       xmlns:xsi="http://www.w3.org/2001/XMLSchema-instance"
       xmlns:context="http://www.springframework.org/schema/context"
       xmlns:aop="http://www.springframework.org/schema/aop"
       xmlns:tx="http://www.springframework.org/schema/tx"
       xsi:schemaLocation="http://www.springframework.org/schema/beans
	http://www.springframework.org/schema/beans/spring-beans.xsd
	http://www.springframework.org/schema/context
	http://www.springframework.org/schema/context/spring-context.xsd
	http://www.springframework.org/schema/aop
	http://www.springframework.org/schema/aop/spring-aop.xsd
	http://www.springframework.org/schema/tx
	http://www.springframework.org/schema/tx/spring-tx.xsd">
    <context:component-scan base-package="com.smallorange">
        <!--配置哪些注释不扫描-->
        <context:exclude-filter type="annotation" expression="org.springframework.stereotype.Controller"/>
    </context:component-scan>

    <!--Spring整合MyBatis框架-->
    <!--配置连接池-->
    <bean id="dataSource" class="com.mchange.v2.c3p0.ComboPooledDataSource">
        <property name="driverClass" value="com.mysql.cj.jdbc.Driver"/>
        <property name="jdbcUrl" value="jdbc:mysql://localhost:3306/ssmsims?serverTimezone=GMT"/>
        <property name="user" value="root"/>
        <property name="password" value=""/>
    </bean>
    <!--配置SqlSession工厂-->
    <bean id="sqlSessionFactoryBean" class="org.mybatis.spring.SqlSessionFactoryBean">
        <property name="dataSource" ref="dataSource"/>
    </bean>
    <!--配置UserDao所在的包-->
    <bean id="mapperScannerConfigurer" class="org.mybatis.spring.mapper.MapperScannerConfigurer">
        <property name="basePackage" value="com.smallorange.dao"/>
    </bean>

    <!--配置Spring框架声明式事务管理-->
    <!--配置事务管理器-->
    <bean id="transactionManager" class="org.springframework.jdbc.datasource.DataSourceTransactionManager">
        <property name="dataSource" ref="dataSource"/>
    </bean>
    <!--&lt;!&ndash;配置事务通知&ndash;&gt;-->
    <!--<tx:advice id="txAdvice" transaction-manager="transactionManager">-->
        <!--<tx:attributes>-->
            <!--<tx:method name="find*" read-only="true"/>-->
            <!--<tx:method name="*" isolation="DEFAULT"/>-->
        <!--</tx:attributes>-->
    <!--</tx:advice>-->
    <!--&lt;!&ndash;配置AOP增强&ndash;&gt;-->
    <!--<aop:config>-->
        <!--<aop:advisor advice-ref="txAdvice" pointcut="execution(* com.smallorange.service.impl.*ServiceImpl.*(..))"/>-->
    <!--</aop:config>-->
</beans>